id,clinic_id,name,description,color,is_active,sort_order,created_at,updated_at,deleted_at
1,1,執行,執行権限,#6366F1,t,1,2026-07-06 14:59:40.511971+09,2026-07-06 14:59:40.511971+09,
2,1,一般,一般スタッフ権限,#10B981,t,2,2026-07-06 14:59:40.511971+09,2026-07-06 14:59:40.511971+09,
3,2,執行,執行権限,#6366F1,t,1,2026-07-06 14:59:40.511971+09,2026-07-06 14:59:40.511971+09,
4,2,一般,一般スタッフ権限,#10B981,t,2,2026-07-06 14:59:40.511971+09,2026-07-06 14:59:40.511971+09,
9,1,閲覧専用,閲覧専用権限,#9CA3AF,t,3,2026-07-06 14:59:40.511971+09,2026-07-06 14:59:40.511971+09,
5,3,執行,執行権限,#6366F1,t,1,2026-07-06 14:59:40.511971+09,2026-07-06 14:59:40.511971+09,
6,3,一般,一般スタッフ権限,#10B981,t,2,2026-07-06 14:59:40.511971+09,2026-07-06 14:59:40.511971+09,
7,4,執行,執行権限,#6366F1,t,1,2026-07-06 14:59:40.511971+09,2026-07-06 14:59:40.511971+09,
8,4,一般,一般スタッフ権限,#10B981,t,2,2026-07-06 14:59:40.511971+09,2026-07-06 14:59:40.511971+09,
