id,clinic_id,csv_type,file_name,uploaded_by_user_id,row_count,success_count,error_count,status,error_log,imported_at,created_at
0a2a1621-65ed-449b-9d6a-4e2cd474241b,1,friend_attribute,owners_export_20260520.csv,1,100,100,0,completed,,2026-05-28 13:33:17.574774+09,2026-05-31 13:33:17.574774+09
31481c9f-2db9-4ddc-b047-aed4529fb155,1,friend_attribute,invalid_data_test.csv,1,10,0,0,failed,,2026-05-30 13:33:17.574774+09,2026-05-31 13:33:17.574774+09
754a180c-d449-4488-87df-ead5e89178cb,1,friend_attribute,invalid_data_test.csv,1,10,0,0,failed,,2026-06-04 16:16:03.868459+09,2026-06-05 16:16:03.868459+09
7fc707e1-b52b-4d6a-ad26-b8c540cc263a,1,friend_attribute,new_members_20260521.csv,1,50,48,0,completed,,2026-06-03 16:16:03.868459+09,2026-06-05 16:16:03.868459+09
83811d32-2305-4589-8fc9-4920f30af6ac,1,friend_attribute,owners_export_20260520.csv,1,100,100,0,completed,,2026-07-03 14:59:40.511971+09,2026-07-06 14:59:40.511971+09
a5d882a5-c2f4-46e4-bca1-650f6af34421,1,friend_attribute,invalid_data_test.csv,1,10,0,0,failed,,2026-07-05 14:59:40.511971+09,2026-07-06 14:59:40.511971+09
cc7e1133-0324-49e4-97d0-5aa926195855,1,friend_attribute,new_members_20260521.csv,1,50,48,0,completed,,2026-05-29 13:33:17.574774+09,2026-05-31 13:33:17.574774+09
ccf53f6b-60ea-4693-8a68-219530d82953,1,friend_attribute,new_members_20260521.csv,1,50,48,0,completed,,2026-07-04 14:59:40.511971+09,2026-07-06 14:59:40.511971+09
fb2714c8-5f94-4de2-8525-e88f55323097,1,friend_attribute,owners_export_20260520.csv,1,100,100,0,completed,,2026-06-02 16:16:03.868459+09,2026-06-05 16:16:03.868459+09
