id,clinic_id,name,price,is_active,description,parent_id,dosage_form,medicine_unit,inventory_id,default_quantity,tax_type,tax_rate,sort_order,is_non_insurance,created_at,updated_at,deleted_at,calculation_type,strength,frequency_per_day,default_duration_days
1,1,抗生物質・抗菌剤（ペニシリン系）,0,t,既存,14001,tablet,per_tablet,,1.00,excluded,0.10,1,f,2026-07-06 14:59:40.511971+09,2026-07-06 14:59:40.511971+09,,none,,,
2,1,駆虫剤（内用）,0,t,既存,14001,tablet,per_tablet,,1.00,excluded,0.10,2,f,2026-07-06 14:59:40.511971+09,2026-07-06 14:59:40.511971+09,,none,,,
3,1,鎮痛剤（内用）,0,t,既存,14001,tablet,per_tablet,,1.00,excluded,0.10,3,f,2026-07-06 14:59:40.511971+09,2026-07-06 14:59:40.511971+09,,none,,,
4,1,循環器系薬剤（内用）,0,t,既存,14001,tablet,per_tablet,,1.00,excluded,0.10,4,f,2026-07-06 14:59:40.511971+09,2026-07-06 14:59:40.511971+09,,none,,,
5,1,免疫抑制剤（内用）,0,t,既存,14001,tablet,per_tablet,,1.00,excluded,0.10,5,f,2026-07-06 14:59:40.511971+09,2026-07-06 14:59:40.511971+09,,none,,,
6,1,鎮咳剤・去痰剤（内用）,0,t,既存,14001,tablet,per_tablet,,1.00,excluded,0.10,6,f,2026-07-06 14:59:40.511971+09,2026-07-06 14:59:40.511971+09,,none,,,
7,1,呼吸促進剤（内用）,0,t,既存,14001,tablet,per_tablet,,1.00,excluded,0.10,7,f,2026-07-06 14:59:40.511971+09,2026-07-06 14:59:40.511971+09,,none,,,
8,1,抗ヒスタミン剤（内用）,0,t,既存,14001,tablet,per_tablet,,1.00,excluded,0.10,8,f,2026-07-06 14:59:40.511971+09,2026-07-06 14:59:40.511971+09,,none,,,
9,1,抗アレルギー剤（内用）,0,t,既存,14001,tablet,per_tablet,,1.00,excluded,0.10,9,f,2026-07-06 14:59:40.511971+09,2026-07-06 14:59:40.511971+09,,none,,,
10,1,消化器系薬剤（内用）,0,t,既存,14001,tablet,per_tablet,,1.00,excluded,0.10,10,f,2026-07-06 14:59:40.511971+09,2026-07-06 14:59:40.511971+09,,none,,,
11,1,肝胆膵疾患用薬剤（内用）,0,t,既存,14001,tablet,per_tablet,,1.00,excluded,0.10,11,f,2026-07-06 14:59:40.511971+09,2026-07-06 14:59:40.511971+09,,none,,,
12,1,抗腫瘍剤（内用）,0,t,既存,14001,tablet,per_tablet,,1.00,excluded,0.10,12,f,2026-07-06 14:59:40.511971+09,2026-07-06 14:59:40.511971+09,,none,,,
13,1,血液作用剤（内用）,0,t,既存,14001,tablet,per_tablet,,1.00,excluded,0.10,13,f,2026-07-06 14:59:40.511971+09,2026-07-06 14:59:40.511971+09,,none,,,
14,1,代謝系薬剤（内用）,0,t,既存,14001,tablet,per_tablet,,1.00,excluded,0.10,14,f,2026-07-06 14:59:40.511971+09,2026-07-06 14:59:40.511971+09,,none,,,
15,1,内分泌系薬剤（内用）,0,t,既存,14001,tablet,per_tablet,,1.00,excluded,0.10,15,f,2026-07-06 14:59:40.511971+09,2026-07-06 14:59:40.511971+09,,none,,,
101,2,アモキシシリン 50mg,520,t,広域スペクトラム抗生物質,2001,tablet,per_tablet,,1.00,excluded,0.10,1,f,2026-07-06 14:59:40.511971+09,2026-07-06 14:59:40.511971+09,,none,,,
102,2,セファレキシン 250mg,470,t,第1世代セフェム系抗生物質,2001,tablet,per_tablet,,1.00,excluded,0.10,2,f,2026-07-06 14:59:40.511971+09,2026-07-06 14:59:40.511971+09,,none,,,
103,2,メトロニダゾール 250mg,620,t,嫌気性菌・原虫感染症治療薬,2001,tablet,per_tablet,,1.00,excluded,0.10,3,f,2026-07-06 14:59:40.511971+09,2026-07-06 14:59:40.511971+09,,none,,,
104,2,プレドニゾロン 5mg,420,t,ステロイド系抗炎症・免疫抑制剤,2002,tablet,per_tablet,,1.00,excluded,0.10,4,f,2026-07-06 14:59:40.511971+09,2026-07-06 14:59:40.511971+09,,none,,,
105,2,デキサメタゾン注射液,720,t,強力ステロイド・アレルギー緊急治療,2002,injection,per_ml,,1.00,excluded,0.10,5,f,2026-07-06 14:59:40.511971+09,2026-07-06 14:59:40.511971+09,,none,,,
106,2,メロキシカム経口液,730,t,NSAIDs・痛み・炎症の緩和,2003,liquid,per_ml,,1.00,excluded,0.10,6,f,2026-07-06 14:59:40.511971+09,2026-07-06 14:59:40.511971+09,,none,,,
107,2,カルプロフェン 25mg,680,t,NSAIDs・術後疼痛管理,2003,tablet,per_tablet,,1.00,excluded,0.10,7,f,2026-07-06 14:59:40.511971+09,2026-07-06 14:59:40.511971+09,,none,,,
108,2,ノミ・ダニ駆除薬（犬用）,2600,t,外部寄生虫予防・駆除（スポットオン）,2004,topical,per_dose,,1.00,excluded,0.10,8,f,2026-07-06 14:59:40.511971+09,2026-07-06 14:59:40.511971+09,,none,,,
109,2,ノミ・ダニ駆除薬（猫用）,2600,t,外部寄生虫予防・駆除（スポットオン）,2004,topical,per_dose,,1.00,excluded,0.10,9,f,2026-07-06 14:59:40.511971+09,2026-07-06 14:59:40.511971+09,,none,,,
110,2,生理食塩水 500ml,420,t,点滴・洗浄用生理食塩水,2005,liquid,per_ml,,500.00,excluded,0.10,10,f,2026-07-06 14:59:40.511971+09,2026-07-06 14:59:40.511971+09,,none,,,
111,2,マロピタント 16mg,820,t,制吐剤（乗り物酔い・嘔吐治療）,2006,tablet,per_tablet,,1.00,excluded,0.10,11,f,2026-07-06 14:59:40.511971+09,2026-07-06 14:59:40.511971+09,,none,,,
112,2,オメプラゾール 10mg,360,t,プロトンポンプ阻害薬（胃酸抑制）,2007,tablet,per_tablet,,1.00,excluded,0.10,12,f,2026-07-06 14:59:40.511971+09,2026-07-06 14:59:40.511971+09,,none,,,
113,2,ラクツロース液,510,t,便秘・肝性脳症の治療,2007,liquid,per_ml,,5.00,excluded,0.10,13,f,2026-07-06 14:59:40.511971+09,2026-07-06 14:59:40.511971+09,,none,,,
114,2,ガバペンチン 100mg,560,t,神経因性疼痛・てんかん補助療法,2008,tablet,per_tablet,,1.00,excluded,0.10,14,f,2026-07-06 14:59:40.511971+09,2026-07-06 14:59:40.511971+09,,none,,,
115,2,乳酸リンゲル液 500ml,450,t,補液・電解質補正,2009,liquid,per_ml,,500.00,excluded,0.10,15,f,2026-07-06 14:59:40.511971+09,2026-07-06 14:59:40.511971+09,,none,,,
201,3,アモキシシリン 50mg,510,t,広域スペクトラム抗生物質,3001,tablet,per_tablet,,1.00,excluded,0.10,1,f,2026-07-06 14:59:40.511971+09,2026-07-06 14:59:40.511971+09,,none,,,
202,3,エンロフロキサシン 15mg,580,t,フルオロキノロン系抗生物質,3001,tablet,per_tablet,,1.00,excluded,0.10,2,f,2026-07-06 14:59:40.511971+09,2026-07-06 14:59:40.511971+09,,none,,,
203,3,メトロニダゾール 250mg,610,t,嫌気性菌・原虫感染症治療薬,3001,tablet,per_tablet,,1.00,excluded,0.10,3,f,2026-07-06 14:59:40.511971+09,2026-07-06 14:59:40.511971+09,,none,,,
204,3,プレドニゾロン 5mg,410,t,ステロイド系抗炎症・免疫抑制剤,3002,tablet,per_tablet,,1.00,excluded,0.10,4,f,2026-07-06 14:59:40.511971+09,2026-07-06 14:59:40.511971+09,,none,,,
205,3,デキサメタゾン注射液,710,t,強力ステロイド・アレルギー緊急治療,3002,injection,per_ml,,1.00,excluded,0.10,5,f,2026-07-06 14:59:40.511971+09,2026-07-06 14:59:40.511971+09,,none,,,
206,3,マロピタント 16mg,820,t,制吐剤（乗り物酔い・嘔吐治療）,3003,tablet,per_tablet,,1.00,excluded,0.10,6,f,2026-07-06 14:59:40.511971+09,2026-07-06 14:59:40.511971+09,,none,,,
207,3,メトクロプラミド注,480,t,制吐・消化管運動促進,3003,injection,per_ml,,1.00,excluded,0.10,7,f,2026-07-06 14:59:40.511971+09,2026-07-06 14:59:40.511971+09,,none,,,
208,3,ラクツロース液,510,t,便秘・肝性脳症の治療,3004,liquid,per_ml,,5.00,excluded,0.10,8,f,2026-07-06 14:59:40.511971+09,2026-07-06 14:59:40.511971+09,,none,,,
209,3,オメプラゾール 10mg,360,t,プロトンポンプ阻害薬（胃酸抑制）,3004,tablet,per_tablet,,1.00,excluded,0.10,9,f,2026-07-06 14:59:40.511971+09,2026-07-06 14:59:40.511971+09,,none,,,
210,3,生理食塩水 500ml,410,t,点滴・洗浄用生理食塩水,,liquid,per_ml,,500.00,excluded,0.10,10,f,2026-07-06 14:59:40.511971+09,2026-07-06 14:59:40.511971+09,,none,,,
211,3,メロキシカム経口液,710,t,NSAIDs・痛み・炎症の緩和,3005,liquid,per_ml,,1.00,excluded,0.10,11,f,2026-07-06 14:59:40.511971+09,2026-07-06 14:59:40.511971+09,,none,,,
212,3,カルプロフェン 25mg,670,t,NSAIDs・術後疼痛管理,3005,tablet,per_tablet,,1.00,excluded,0.10,12,f,2026-07-06 14:59:40.511971+09,2026-07-06 14:59:40.511971+09,,none,,,
213,3,フロセミド注射液,820,t,利尿剤（心臓・腎臓病の浮腫治療）,3006,injection,per_ml,,2.00,excluded,0.10,13,f,2026-07-06 14:59:40.511971+09,2026-07-06 14:59:40.511971+09,,none,,,
214,3,ガバペンチン 100mg,560,t,神経因性疼痛・てんかん補助療法,3007,tablet,per_tablet,,1.00,excluded,0.10,14,f,2026-07-06 14:59:40.511971+09,2026-07-06 14:59:40.511971+09,,none,,,
215,3,ノミ・ダニ駆除薬（犬用）,2550,t,外部寄生虫予防・駆除（スポットオン）,3008,topical,per_dose,,1.00,excluded,0.10,15,f,2026-07-06 14:59:40.511971+09,2026-07-06 14:59:40.511971+09,,none,,,
2001,2,抗生剤,,t,抗生物質カテゴリ,,,,,1.00,excluded,0.10,1,f,2026-07-06 14:59:40.511971+09,2026-07-06 14:59:40.511971+09,,none,,,
2002,2,ステロイド,,t,ステロイド剤カテゴリ,,,,,1.00,excluded,0.10,2,f,2026-07-06 14:59:40.511971+09,2026-07-06 14:59:40.511971+09,,none,,,
2003,2,消炎剤,,t,消炎鎮痛剤カテゴリ,,,,,1.00,excluded,0.10,3,f,2026-07-06 14:59:40.511971+09,2026-07-06 14:59:40.511971+09,,none,,,
2004,2,駆虫剤,,t,駆虫剤カテゴリ,,,,,1.00,excluded,0.10,4,f,2026-07-06 14:59:40.511971+09,2026-07-06 14:59:40.511971+09,,none,,,
2005,2,輸液,,t,輸液カテゴリ,,,,,1.00,excluded,0.10,5,f,2026-07-06 14:59:40.511971+09,2026-07-06 14:59:40.511971+09,,none,,,
2006,2,制吐剤,,t,制吐剤カテゴリ,,,,,1.00,excluded,0.10,6,f,2026-07-06 14:59:40.511971+09,2026-07-06 14:59:40.511971+09,,none,,,
2007,2,消化器用薬,,t,消化器用薬カテゴリ,,,,,1.00,excluded,0.10,7,f,2026-07-06 14:59:40.511971+09,2026-07-06 14:59:40.511971+09,,none,,,
2008,2,神経系薬,,t,神経系薬カテゴリ,,,,,1.00,excluded,0.10,8,f,2026-07-06 14:59:40.511971+09,2026-07-06 14:59:40.511971+09,,none,,,
2009,2,輸液（追加）,,t,輸液・補液カテゴリ,,,,,1.00,excluded,0.10,9,f,2026-07-06 14:59:40.511971+09,2026-07-06 14:59:40.511971+09,,none,,,
3001,3,抗生剤,,t,抗生物質カテゴリ,,,,,1.00,excluded,0.10,1,f,2026-07-06 14:59:40.511971+09,2026-07-06 14:59:40.511971+09,,none,,,
3002,3,ステロイド,,t,ステロイド剤カテゴリ,,,,,1.00,excluded,0.10,2,f,2026-07-06 14:59:40.511971+09,2026-07-06 14:59:40.511971+09,,none,,,
3003,3,制吐剤,,t,制吐剤カテゴリ,,,,,1.00,excluded,0.10,3,f,2026-07-06 14:59:40.511971+09,2026-07-06 14:59:40.511971+09,,none,,,
3004,3,消化器用薬,,t,消化器用薬カテゴリ,,,,,1.00,excluded,0.10,4,f,2026-07-06 14:59:40.511971+09,2026-07-06 14:59:40.511971+09,,none,,,
3005,3,消炎剤,,t,消炎鎮痛剤カテゴリ,,,,,1.00,excluded,0.10,5,f,2026-07-06 14:59:40.511971+09,2026-07-06 14:59:40.511971+09,,none,,,
3006,3,利尿剤,,t,利尿剤カテゴリ,,,,,1.00,excluded,0.10,6,f,2026-07-06 14:59:40.511971+09,2026-07-06 14:59:40.511971+09,,none,,,
3007,3,神経系薬,,t,神経系薬カテゴリ,,,,,1.00,excluded,0.10,7,f,2026-07-06 14:59:40.511971+09,2026-07-06 14:59:40.511971+09,,none,,,
3008,3,駆虫剤,,t,駆虫剤カテゴリ,,,,,1.00,excluded,0.10,8,f,2026-07-06 14:59:40.511971+09,2026-07-06 14:59:40.511971+09,,none,,,
3009,3,輸液（追加）,,t,輸液・補液カテゴリ,,,,,1.00,excluded,0.10,9,f,2026-07-06 14:59:40.511971+09,2026-07-06 14:59:40.511971+09,,none,,,
14001,1,内用薬,0,t,内用薬カテゴリ,,,,,1.00,excluded,0.10,1,f,2026-07-06 14:59:40.511971+09,2026-07-06 14:59:40.511971+09,,none,,,
14002,1,外用薬,0,t,外用薬カテゴリ,,,,,1.00,excluded,0.10,2,f,2026-07-06 14:59:40.511971+09,2026-07-06 14:59:40.511971+09,,none,,,
14003,1,神経系薬剤（内用）,0,t,既存,14001,tablet,per_tablet,,1.00,excluded,0.10,16,f,2026-07-06 14:59:40.511971+09,2026-07-06 14:59:40.511971+09,,none,,,
14004,1,消炎酵素剤（内用）,0,t,既存,14001,tablet,per_tablet,,1.00,excluded,0.10,17,f,2026-07-06 14:59:40.511971+09,2026-07-06 14:59:40.511971+09,,none,,,
14005,1,ビタミン剤（内用）,0,t,既存,14001,tablet,per_tablet,,1.00,excluded,0.10,18,f,2026-07-06 14:59:40.511971+09,2026-07-06 14:59:40.511971+09,,none,,,
14006,1,漢方薬（内用）,0,t,既存,14001,tablet,per_tablet,,1.00,excluded,0.10,19,f,2026-07-06 14:59:40.511971+09,2026-07-06 14:59:40.511971+09,,none,,,
14007,1,その他内用薬（内用）,0,t,既存 / その他内用から皮膚薬のみ小分類分ける,14001,tablet,per_tablet,,1.00,excluded,0.10,20,f,2026-07-06 14:59:40.511971+09,2026-07-06 14:59:40.511971+09,,none,,,
14008,1,皮膚薬（内用）,0,t,新規 / その他内用から皮膚薬のみ小分類分ける,14001,tablet,per_tablet,,1.00,excluded,0.10,21,f,2026-07-06 14:59:40.511971+09,2026-07-06 14:59:40.511971+09,,none,,,
14009,1,追加内用薬,0,t,既存,14001,tablet,per_tablet,,1.00,excluded,0.10,22,f,2026-07-06 14:59:40.511971+09,2026-07-06 14:59:40.511971+09,,none,,,
14010,1,その他サプリメント（内用）,0,t,既存 / その他と関節系サプリを分ける,14001,tablet,per_tablet,,1.00,excluded,0.10,23,f,2026-07-06 14:59:40.511971+09,2026-07-06 14:59:40.511971+09,,none,,,
14011,1,関節系サプリメント（内用）,0,t,新規 / その他と関節系サプリを分ける,14001,tablet,per_tablet,,1.00,excluded,0.10,24,f,2026-07-06 14:59:40.511971+09,2026-07-06 14:59:40.511971+09,,none,,,
14012,1,ステロイド（内用）,0,t,既存,14001,tablet,per_tablet,,1.00,excluded,0.10,25,f,2026-07-06 14:59:40.511971+09,2026-07-06 14:59:40.511971+09,,none,,,
14013,1,抗生物質・抗菌薬（セフェム系）,0,t,既存,14001,tablet,per_tablet,,1.00,excluded,0.10,26,f,2026-07-06 14:59:40.511971+09,2026-07-06 14:59:40.511971+09,,none,,,
14014,1,抗生物質・抗菌剤（フルオロキノロン系）,0,t,既存 / 原本画面で末尾が切れていたため要確認,14001,tablet,per_tablet,,1.00,excluded,0.10,27,f,2026-07-06 14:59:40.511971+09,2026-07-06 14:59:40.511971+09,,none,,,
14015,1,眼科用剤,0,t,既存,14002,topical,per_dose,,1.00,excluded,0.10,28,f,2026-07-06 14:59:40.511971+09,2026-07-06 14:59:40.511971+09,,none,,,
14016,1,皮膚外用剤,0,t,既存,14002,topical,per_dose,,1.00,excluded,0.10,29,f,2026-07-06 14:59:40.511971+09,2026-07-06 14:59:40.511971+09,,none,,,
14017,1,耳鼻科用剤,0,t,既存,14002,topical,per_dose,,1.00,excluded,0.10,30,f,2026-07-06 14:59:40.511971+09,2026-07-06 14:59:40.511971+09,,none,,,
14018,1,坐剤,0,t,既存,14002,topical,per_dose,,1.00,excluded,0.10,31,f,2026-07-06 14:59:40.511971+09,2026-07-06 14:59:40.511971+09,,none,,,
14019,1,消毒剤,0,t,既存,14002,topical,per_dose,,1.00,excluded,0.10,32,f,2026-07-06 14:59:40.511971+09,2026-07-06 14:59:40.511971+09,,none,,,
14020,1,診断用薬剤,0,t,既存,14002,topical,per_dose,,1.00,excluded,0.10,33,f,2026-07-06 14:59:40.511971+09,2026-07-06 14:59:40.511971+09,,none,,,
14021,1,抗生物質・抗菌剤,0,f,既存 / 皮膚外用へ移動、小分類削除,14002,topical,per_dose,,1.00,excluded,0.10,34,f,2026-07-06 14:59:40.511971+09,2026-07-06 14:59:40.511971+09,,none,,,
14022,1,その他外用薬,0,f,既存 / ノミダニ予防へ移動、小分類削除,14002,topical,per_dose,,1.00,excluded,0.10,35,f,2026-07-06 14:59:40.511971+09,2026-07-06 14:59:40.511971+09,,none,,,
14023,1,パッチ,0,f,既存 / その他外用へ移動、小分類削除,14002,topical,per_dose,,1.00,excluded,0.10,36,f,2026-07-06 14:59:40.511971+09,2026-07-06 14:59:40.511971+09,,none,,,
