id,clinic_id,staff_id,reservation_type_id,created_at
1,1,1,1,2026-07-06 14:59:40.511971+09
2,1,1,2,2026-07-06 14:59:40.511971+09
3,1,1,3,2026-07-06 14:59:40.511971+09
4,1,1,4,2026-07-06 14:59:40.511971+09
5,1,1,5,2026-07-06 14:59:40.511971+09
6,1,1,6,2026-07-06 14:59:40.511971+09
7,1,1,7,2026-07-06 14:59:40.511971+09
8,1,1,8,2026-07-06 14:59:40.511971+09
9,1,1,9,2026-07-06 14:59:40.511971+09
10,1,1,10,2026-07-06 14:59:40.511971+09
11,1,1,11,2026-07-06 14:59:40.511971+09
12,1,1,12,2026-07-06 14:59:40.511971+09
13,1,1,13,2026-07-06 14:59:40.511971+09
14,1,1,14,2026-07-06 14:59:40.511971+09
15,1,1,15,2026-07-06 14:59:40.511971+09
16,1,1,16,2026-07-06 14:59:40.511971+09
17,1,1,17,2026-07-06 14:59:40.511971+09
18,1,1,18,2026-07-06 14:59:40.511971+09
19,1,1,19,2026-07-06 14:59:40.511971+09
20,1,1,20,2026-07-06 14:59:40.511971+09
21,1,1,21,2026-07-06 14:59:40.511971+09
22,1,1,22,2026-07-06 14:59:40.511971+09
23,1,1,23,2026-07-06 14:59:40.511971+09
24,1,1,24,2026-07-06 14:59:40.511971+09
25,1,1,25,2026-07-06 14:59:40.511971+09
26,1,2,1,2026-07-06 14:59:40.511971+09
27,1,2,2,2026-07-06 14:59:40.511971+09
28,1,2,3,2026-07-06 14:59:40.511971+09
29,1,2,4,2026-07-06 14:59:40.511971+09
30,1,2,5,2026-07-06 14:59:40.511971+09
31,1,2,6,2026-07-06 14:59:40.511971+09
32,1,2,7,2026-07-06 14:59:40.511971+09
33,1,2,8,2026-07-06 14:59:40.511971+09
34,1,2,9,2026-07-06 14:59:40.511971+09
35,1,2,10,2026-07-06 14:59:40.511971+09
36,1,2,11,2026-07-06 14:59:40.511971+09
37,1,2,12,2026-07-06 14:59:40.511971+09
38,1,2,13,2026-07-06 14:59:40.511971+09
39,1,2,14,2026-07-06 14:59:40.511971+09
40,1,2,15,2026-07-06 14:59:40.511971+09
41,1,2,16,2026-07-06 14:59:40.511971+09
42,1,2,17,2026-07-06 14:59:40.511971+09
43,1,2,18,2026-07-06 14:59:40.511971+09
44,1,2,19,2026-07-06 14:59:40.511971+09
45,1,2,20,2026-07-06 14:59:40.511971+09
46,1,2,21,2026-07-06 14:59:40.511971+09
47,1,2,22,2026-07-06 14:59:40.511971+09
48,1,2,23,2026-07-06 14:59:40.511971+09
49,1,2,24,2026-07-06 14:59:40.511971+09
50,1,2,25,2026-07-06 14:59:40.511971+09
51,1,3,1,2026-07-06 14:59:40.511971+09
52,1,3,2,2026-07-06 14:59:40.511971+09
53,1,3,3,2026-07-06 14:59:40.511971+09
54,1,3,4,2026-07-06 14:59:40.511971+09
55,1,3,5,2026-07-06 14:59:40.511971+09
56,1,3,6,2026-07-06 14:59:40.511971+09
57,1,3,7,2026-07-06 14:59:40.511971+09
58,1,3,8,2026-07-06 14:59:40.511971+09
59,1,3,9,2026-07-06 14:59:40.511971+09
60,1,3,10,2026-07-06 14:59:40.511971+09
61,1,3,11,2026-07-06 14:59:40.511971+09
62,1,3,12,2026-07-06 14:59:40.511971+09
63,1,3,13,2026-07-06 14:59:40.511971+09
64,1,3,14,2026-07-06 14:59:40.511971+09
65,1,3,15,2026-07-06 14:59:40.511971+09
66,1,3,16,2026-07-06 14:59:40.511971+09
67,1,3,17,2026-07-06 14:59:40.511971+09
68,1,3,18,2026-07-06 14:59:40.511971+09
69,1,3,19,2026-07-06 14:59:40.511971+09
70,1,3,20,2026-07-06 14:59:40.511971+09
71,1,3,21,2026-07-06 14:59:40.511971+09
72,1,3,22,2026-07-06 14:59:40.511971+09
73,1,3,23,2026-07-06 14:59:40.511971+09
74,1,3,24,2026-07-06 14:59:40.511971+09
75,1,3,25,2026-07-06 14:59:40.511971+09
76,1,4,1,2026-07-06 14:59:40.511971+09
77,1,4,2,2026-07-06 14:59:40.511971+09
78,1,4,3,2026-07-06 14:59:40.511971+09
79,1,4,4,2026-07-06 14:59:40.511971+09
80,1,4,5,2026-07-06 14:59:40.511971+09
81,1,4,6,2026-07-06 14:59:40.511971+09
82,1,4,7,2026-07-06 14:59:40.511971+09
83,1,4,8,2026-07-06 14:59:40.511971+09
84,1,4,9,2026-07-06 14:59:40.511971+09
85,1,4,10,2026-07-06 14:59:40.511971+09
86,1,4,11,2026-07-06 14:59:40.511971+09
87,1,4,12,2026-07-06 14:59:40.511971+09
88,1,4,13,2026-07-06 14:59:40.511971+09
89,1,4,14,2026-07-06 14:59:40.511971+09
90,1,4,15,2026-07-06 14:59:40.511971+09
91,1,4,16,2026-07-06 14:59:40.511971+09
92,1,4,17,2026-07-06 14:59:40.511971+09
93,1,4,18,2026-07-06 14:59:40.511971+09
94,1,4,19,2026-07-06 14:59:40.511971+09
95,1,4,20,2026-07-06 14:59:40.511971+09
96,1,4,21,2026-07-06 14:59:40.511971+09
97,1,4,22,2026-07-06 14:59:40.511971+09
98,1,4,23,2026-07-06 14:59:40.511971+09
99,1,4,24,2026-07-06 14:59:40.511971+09
100,1,4,25,2026-07-06 14:59:40.511971+09
101,1,5,1,2026-07-06 14:59:40.511971+09
102,1,5,2,2026-07-06 14:59:40.511971+09
103,1,5,3,2026-07-06 14:59:40.511971+09
104,1,5,4,2026-07-06 14:59:40.511971+09
105,1,5,5,2026-07-06 14:59:40.511971+09
106,1,5,6,2026-07-06 14:59:40.511971+09
107,1,5,7,2026-07-06 14:59:40.511971+09
108,1,5,8,2026-07-06 14:59:40.511971+09
109,1,5,9,2026-07-06 14:59:40.511971+09
110,1,5,10,2026-07-06 14:59:40.511971+09
111,1,5,11,2026-07-06 14:59:40.511971+09
112,1,5,12,2026-07-06 14:59:40.511971+09
113,1,5,13,2026-07-06 14:59:40.511971+09
114,1,5,14,2026-07-06 14:59:40.511971+09
115,1,5,15,2026-07-06 14:59:40.511971+09
116,1,5,16,2026-07-06 14:59:40.511971+09
117,1,5,17,2026-07-06 14:59:40.511971+09
118,1,5,18,2026-07-06 14:59:40.511971+09
119,1,5,19,2026-07-06 14:59:40.511971+09
120,1,5,20,2026-07-06 14:59:40.511971+09
121,1,5,21,2026-07-06 14:59:40.511971+09
122,1,5,22,2026-07-06 14:59:40.511971+09
123,1,5,23,2026-07-06 14:59:40.511971+09
124,1,5,24,2026-07-06 14:59:40.511971+09
125,1,5,25,2026-07-06 14:59:40.511971+09
126,1,6,1,2026-07-06 14:59:40.511971+09
127,1,6,2,2026-07-06 14:59:40.511971+09
128,1,6,3,2026-07-06 14:59:40.511971+09
129,1,6,4,2026-07-06 14:59:40.511971+09
130,1,6,5,2026-07-06 14:59:40.511971+09
131,1,6,6,2026-07-06 14:59:40.511971+09
132,1,6,7,2026-07-06 14:59:40.511971+09
133,1,6,8,2026-07-06 14:59:40.511971+09
134,1,6,9,2026-07-06 14:59:40.511971+09
135,1,6,10,2026-07-06 14:59:40.511971+09
136,1,6,11,2026-07-06 14:59:40.511971+09
137,1,6,12,2026-07-06 14:59:40.511971+09
138,1,6,13,2026-07-06 14:59:40.511971+09
139,1,6,14,2026-07-06 14:59:40.511971+09
140,1,6,15,2026-07-06 14:59:40.511971+09
141,1,6,16,2026-07-06 14:59:40.511971+09
142,1,6,17,2026-07-06 14:59:40.511971+09
143,1,6,18,2026-07-06 14:59:40.511971+09
144,1,6,19,2026-07-06 14:59:40.511971+09
145,1,6,20,2026-07-06 14:59:40.511971+09
146,1,6,21,2026-07-06 14:59:40.511971+09
147,1,6,22,2026-07-06 14:59:40.511971+09
148,1,6,23,2026-07-06 14:59:40.511971+09
149,1,6,24,2026-07-06 14:59:40.511971+09
150,1,6,25,2026-07-06 14:59:40.511971+09
151,1,7,1,2026-07-06 14:59:40.511971+09
152,1,7,2,2026-07-06 14:59:40.511971+09
153,1,7,3,2026-07-06 14:59:40.511971+09
154,1,7,4,2026-07-06 14:59:40.511971+09
155,1,7,5,2026-07-06 14:59:40.511971+09
156,1,7,6,2026-07-06 14:59:40.511971+09
157,1,7,7,2026-07-06 14:59:40.511971+09
158,1,7,8,2026-07-06 14:59:40.511971+09
159,1,7,9,2026-07-06 14:59:40.511971+09
160,1,7,10,2026-07-06 14:59:40.511971+09
161,1,7,11,2026-07-06 14:59:40.511971+09
162,1,7,12,2026-07-06 14:59:40.511971+09
163,1,7,13,2026-07-06 14:59:40.511971+09
164,1,7,14,2026-07-06 14:59:40.511971+09
165,1,7,15,2026-07-06 14:59:40.511971+09
166,1,7,16,2026-07-06 14:59:40.511971+09
167,1,7,17,2026-07-06 14:59:40.511971+09
168,1,7,18,2026-07-06 14:59:40.511971+09
169,1,7,19,2026-07-06 14:59:40.511971+09
170,1,7,20,2026-07-06 14:59:40.511971+09
171,1,7,21,2026-07-06 14:59:40.511971+09
172,1,7,22,2026-07-06 14:59:40.511971+09
173,1,7,23,2026-07-06 14:59:40.511971+09
174,1,7,24,2026-07-06 14:59:40.511971+09
175,1,7,25,2026-07-06 14:59:40.511971+09
176,1,8,1,2026-07-06 14:59:40.511971+09
177,1,8,2,2026-07-06 14:59:40.511971+09
178,1,8,3,2026-07-06 14:59:40.511971+09
179,1,8,4,2026-07-06 14:59:40.511971+09
180,1,8,5,2026-07-06 14:59:40.511971+09
181,1,8,6,2026-07-06 14:59:40.511971+09
182,1,8,7,2026-07-06 14:59:40.511971+09
183,1,8,8,2026-07-06 14:59:40.511971+09
184,1,8,9,2026-07-06 14:59:40.511971+09
185,1,8,10,2026-07-06 14:59:40.511971+09
186,1,8,11,2026-07-06 14:59:40.511971+09
187,1,8,12,2026-07-06 14:59:40.511971+09
188,1,8,13,2026-07-06 14:59:40.511971+09
189,1,8,14,2026-07-06 14:59:40.511971+09
190,1,8,15,2026-07-06 14:59:40.511971+09
191,1,8,16,2026-07-06 14:59:40.511971+09
192,1,8,17,2026-07-06 14:59:40.511971+09
193,1,8,18,2026-07-06 14:59:40.511971+09
194,1,8,19,2026-07-06 14:59:40.511971+09
195,1,8,20,2026-07-06 14:59:40.511971+09
196,1,8,21,2026-07-06 14:59:40.511971+09
197,1,8,22,2026-07-06 14:59:40.511971+09
198,1,8,23,2026-07-06 14:59:40.511971+09
199,1,8,24,2026-07-06 14:59:40.511971+09
200,1,8,25,2026-07-06 14:59:40.511971+09
201,1,9,1,2026-07-06 14:59:40.511971+09
202,1,9,2,2026-07-06 14:59:40.511971+09
203,1,9,3,2026-07-06 14:59:40.511971+09
204,1,9,4,2026-07-06 14:59:40.511971+09
205,1,9,5,2026-07-06 14:59:40.511971+09
206,1,9,6,2026-07-06 14:59:40.511971+09
207,1,9,7,2026-07-06 14:59:40.511971+09
208,1,9,8,2026-07-06 14:59:40.511971+09
209,1,9,9,2026-07-06 14:59:40.511971+09
210,1,9,10,2026-07-06 14:59:40.511971+09
211,1,9,11,2026-07-06 14:59:40.511971+09
212,1,9,12,2026-07-06 14:59:40.511971+09
213,1,9,13,2026-07-06 14:59:40.511971+09
214,1,9,14,2026-07-06 14:59:40.511971+09
215,1,9,15,2026-07-06 14:59:40.511971+09
216,1,9,16,2026-07-06 14:59:40.511971+09
217,1,9,17,2026-07-06 14:59:40.511971+09
218,1,9,18,2026-07-06 14:59:40.511971+09
219,1,9,19,2026-07-06 14:59:40.511971+09
220,1,9,20,2026-07-06 14:59:40.511971+09
221,1,9,21,2026-07-06 14:59:40.511971+09
222,1,9,22,2026-07-06 14:59:40.511971+09
223,1,9,23,2026-07-06 14:59:40.511971+09
224,1,9,24,2026-07-06 14:59:40.511971+09
225,1,9,25,2026-07-06 14:59:40.511971+09
226,1,10,1,2026-07-06 14:59:40.511971+09
227,1,10,2,2026-07-06 14:59:40.511971+09
228,1,10,3,2026-07-06 14:59:40.511971+09
229,1,10,4,2026-07-06 14:59:40.511971+09
230,1,10,5,2026-07-06 14:59:40.511971+09
231,1,10,6,2026-07-06 14:59:40.511971+09
232,1,10,7,2026-07-06 14:59:40.511971+09
233,1,10,8,2026-07-06 14:59:40.511971+09
234,1,10,9,2026-07-06 14:59:40.511971+09
235,1,10,10,2026-07-06 14:59:40.511971+09
236,1,10,11,2026-07-06 14:59:40.511971+09
237,1,10,12,2026-07-06 14:59:40.511971+09
238,1,10,13,2026-07-06 14:59:40.511971+09
239,1,10,14,2026-07-06 14:59:40.511971+09
240,1,10,15,2026-07-06 14:59:40.511971+09
241,1,10,16,2026-07-06 14:59:40.511971+09
242,1,10,17,2026-07-06 14:59:40.511971+09
243,1,10,18,2026-07-06 14:59:40.511971+09
244,1,10,19,2026-07-06 14:59:40.511971+09
245,1,10,20,2026-07-06 14:59:40.511971+09
246,1,10,21,2026-07-06 14:59:40.511971+09
247,1,10,22,2026-07-06 14:59:40.511971+09
248,1,10,23,2026-07-06 14:59:40.511971+09
249,1,10,24,2026-07-06 14:59:40.511971+09
250,1,10,25,2026-07-06 14:59:40.511971+09
251,1,11,1,2026-07-06 14:59:40.511971+09
252,1,11,2,2026-07-06 14:59:40.511971+09
253,1,11,3,2026-07-06 14:59:40.511971+09
254,1,11,4,2026-07-06 14:59:40.511971+09
255,1,11,5,2026-07-06 14:59:40.511971+09
256,1,11,6,2026-07-06 14:59:40.511971+09
257,1,11,7,2026-07-06 14:59:40.511971+09
258,1,11,8,2026-07-06 14:59:40.511971+09
259,1,11,9,2026-07-06 14:59:40.511971+09
260,1,11,10,2026-07-06 14:59:40.511971+09
261,1,11,11,2026-07-06 14:59:40.511971+09
262,1,11,12,2026-07-06 14:59:40.511971+09
263,1,11,13,2026-07-06 14:59:40.511971+09
264,1,11,14,2026-07-06 14:59:40.511971+09
265,1,11,15,2026-07-06 14:59:40.511971+09
266,1,11,16,2026-07-06 14:59:40.511971+09
267,1,11,17,2026-07-06 14:59:40.511971+09
268,1,11,18,2026-07-06 14:59:40.511971+09
269,1,11,19,2026-07-06 14:59:40.511971+09
270,1,11,20,2026-07-06 14:59:40.511971+09
271,1,11,21,2026-07-06 14:59:40.511971+09
272,1,11,22,2026-07-06 14:59:40.511971+09
273,1,11,23,2026-07-06 14:59:40.511971+09
274,1,11,24,2026-07-06 14:59:40.511971+09
275,1,11,25,2026-07-06 14:59:40.511971+09
276,1,12,1,2026-07-06 14:59:40.511971+09
277,1,12,2,2026-07-06 14:59:40.511971+09
278,1,12,3,2026-07-06 14:59:40.511971+09
279,1,12,4,2026-07-06 14:59:40.511971+09
280,1,12,5,2026-07-06 14:59:40.511971+09
281,1,12,6,2026-07-06 14:59:40.511971+09
282,1,12,7,2026-07-06 14:59:40.511971+09
283,1,12,8,2026-07-06 14:59:40.511971+09
284,1,12,9,2026-07-06 14:59:40.511971+09
285,1,12,10,2026-07-06 14:59:40.511971+09
286,1,12,11,2026-07-06 14:59:40.511971+09
287,1,12,12,2026-07-06 14:59:40.511971+09
288,1,12,13,2026-07-06 14:59:40.511971+09
289,1,12,14,2026-07-06 14:59:40.511971+09
290,1,12,15,2026-07-06 14:59:40.511971+09
291,1,12,16,2026-07-06 14:59:40.511971+09
292,1,12,17,2026-07-06 14:59:40.511971+09
293,1,12,18,2026-07-06 14:59:40.511971+09
294,1,12,19,2026-07-06 14:59:40.511971+09
295,1,12,20,2026-07-06 14:59:40.511971+09
296,1,12,21,2026-07-06 14:59:40.511971+09
297,1,12,22,2026-07-06 14:59:40.511971+09
298,1,12,23,2026-07-06 14:59:40.511971+09
299,1,12,24,2026-07-06 14:59:40.511971+09
300,1,12,25,2026-07-06 14:59:40.511971+09
301,1,13,1,2026-07-06 14:59:40.511971+09
302,1,13,2,2026-07-06 14:59:40.511971+09
303,1,13,3,2026-07-06 14:59:40.511971+09
304,1,13,4,2026-07-06 14:59:40.511971+09
305,1,13,5,2026-07-06 14:59:40.511971+09
306,1,13,6,2026-07-06 14:59:40.511971+09
307,1,13,7,2026-07-06 14:59:40.511971+09
308,1,13,8,2026-07-06 14:59:40.511971+09
309,1,13,9,2026-07-06 14:59:40.511971+09
310,1,13,10,2026-07-06 14:59:40.511971+09
311,1,13,11,2026-07-06 14:59:40.511971+09
312,1,13,12,2026-07-06 14:59:40.511971+09
313,1,13,13,2026-07-06 14:59:40.511971+09
314,1,13,14,2026-07-06 14:59:40.511971+09
315,1,13,15,2026-07-06 14:59:40.511971+09
316,1,13,16,2026-07-06 14:59:40.511971+09
317,1,13,17,2026-07-06 14:59:40.511971+09
318,1,13,18,2026-07-06 14:59:40.511971+09
319,1,13,19,2026-07-06 14:59:40.511971+09
320,1,13,20,2026-07-06 14:59:40.511971+09
321,1,13,21,2026-07-06 14:59:40.511971+09
322,1,13,22,2026-07-06 14:59:40.511971+09
323,1,13,23,2026-07-06 14:59:40.511971+09
324,1,13,24,2026-07-06 14:59:40.511971+09
325,1,13,25,2026-07-06 14:59:40.511971+09
326,1,14,1,2026-07-06 14:59:40.511971+09
327,1,14,2,2026-07-06 14:59:40.511971+09
328,1,14,3,2026-07-06 14:59:40.511971+09
329,1,14,4,2026-07-06 14:59:40.511971+09
330,1,14,5,2026-07-06 14:59:40.511971+09
331,1,14,6,2026-07-06 14:59:40.511971+09
332,1,14,7,2026-07-06 14:59:40.511971+09
333,1,14,8,2026-07-06 14:59:40.511971+09
334,1,14,9,2026-07-06 14:59:40.511971+09
335,1,14,10,2026-07-06 14:59:40.511971+09
336,1,14,11,2026-07-06 14:59:40.511971+09
337,1,14,12,2026-07-06 14:59:40.511971+09
338,1,14,13,2026-07-06 14:59:40.511971+09
339,1,14,14,2026-07-06 14:59:40.511971+09
340,1,14,15,2026-07-06 14:59:40.511971+09
341,1,14,16,2026-07-06 14:59:40.511971+09
342,1,14,17,2026-07-06 14:59:40.511971+09
343,1,14,18,2026-07-06 14:59:40.511971+09
344,1,14,19,2026-07-06 14:59:40.511971+09
345,1,14,20,2026-07-06 14:59:40.511971+09
346,1,14,21,2026-07-06 14:59:40.511971+09
347,1,14,22,2026-07-06 14:59:40.511971+09
348,1,14,23,2026-07-06 14:59:40.511971+09
349,1,14,24,2026-07-06 14:59:40.511971+09
350,1,14,25,2026-07-06 14:59:40.511971+09
351,1,15,1,2026-07-06 14:59:40.511971+09
352,1,15,2,2026-07-06 14:59:40.511971+09
353,1,15,3,2026-07-06 14:59:40.511971+09
354,1,15,4,2026-07-06 14:59:40.511971+09
355,1,15,5,2026-07-06 14:59:40.511971+09
356,1,15,6,2026-07-06 14:59:40.511971+09
357,1,15,7,2026-07-06 14:59:40.511971+09
358,1,15,8,2026-07-06 14:59:40.511971+09
359,1,15,9,2026-07-06 14:59:40.511971+09
360,1,15,10,2026-07-06 14:59:40.511971+09
361,1,15,11,2026-07-06 14:59:40.511971+09
362,1,15,12,2026-07-06 14:59:40.511971+09
363,1,15,13,2026-07-06 14:59:40.511971+09
364,1,15,14,2026-07-06 14:59:40.511971+09
365,1,15,15,2026-07-06 14:59:40.511971+09
366,1,15,16,2026-07-06 14:59:40.511971+09
367,1,15,17,2026-07-06 14:59:40.511971+09
368,1,15,18,2026-07-06 14:59:40.511971+09
369,1,15,19,2026-07-06 14:59:40.511971+09
370,1,15,20,2026-07-06 14:59:40.511971+09
371,1,15,21,2026-07-06 14:59:40.511971+09
372,1,15,22,2026-07-06 14:59:40.511971+09
373,1,15,23,2026-07-06 14:59:40.511971+09
374,1,15,24,2026-07-06 14:59:40.511971+09
375,1,15,25,2026-07-06 14:59:40.511971+09
376,1,33,1,2026-07-06 14:59:40.511971+09
377,1,33,2,2026-07-06 14:59:40.511971+09
378,1,33,3,2026-07-06 14:59:40.511971+09
379,1,33,4,2026-07-06 14:59:40.511971+09
380,1,33,5,2026-07-06 14:59:40.511971+09
381,1,33,6,2026-07-06 14:59:40.511971+09
382,1,33,7,2026-07-06 14:59:40.511971+09
383,1,33,8,2026-07-06 14:59:40.511971+09
384,1,33,9,2026-07-06 14:59:40.511971+09
385,1,33,10,2026-07-06 14:59:40.511971+09
386,1,33,11,2026-07-06 14:59:40.511971+09
387,1,33,12,2026-07-06 14:59:40.511971+09
388,1,33,13,2026-07-06 14:59:40.511971+09
389,1,33,14,2026-07-06 14:59:40.511971+09
390,1,33,15,2026-07-06 14:59:40.511971+09
391,1,33,16,2026-07-06 14:59:40.511971+09
392,1,33,17,2026-07-06 14:59:40.511971+09
393,1,33,18,2026-07-06 14:59:40.511971+09
394,1,33,19,2026-07-06 14:59:40.511971+09
395,1,33,20,2026-07-06 14:59:40.511971+09
396,1,33,21,2026-07-06 14:59:40.511971+09
397,1,33,22,2026-07-06 14:59:40.511971+09
398,1,33,23,2026-07-06 14:59:40.511971+09
399,1,33,24,2026-07-06 14:59:40.511971+09
400,1,33,25,2026-07-06 14:59:40.511971+09
401,2,4,26,2026-07-06 14:59:40.511971+09
402,2,4,27,2026-07-06 14:59:40.511971+09
403,2,4,28,2026-07-06 14:59:40.511971+09
404,2,4,29,2026-07-06 14:59:40.511971+09
405,2,4,30,2026-07-06 14:59:40.511971+09
406,2,4,31,2026-07-06 14:59:40.511971+09
407,2,4,32,2026-07-06 14:59:40.511971+09
408,2,4,33,2026-07-06 14:59:40.511971+09
409,2,4,34,2026-07-06 14:59:40.511971+09
410,2,4,35,2026-07-06 14:59:40.511971+09
411,2,4,36,2026-07-06 14:59:40.511971+09
412,2,4,37,2026-07-06 14:59:40.511971+09
413,2,4,38,2026-07-06 14:59:40.511971+09
414,2,4,39,2026-07-06 14:59:40.511971+09
415,2,4,40,2026-07-06 14:59:40.511971+09
416,2,4,41,2026-07-06 14:59:40.511971+09
417,2,4,42,2026-07-06 14:59:40.511971+09
418,2,4,43,2026-07-06 14:59:40.511971+09
419,2,4,44,2026-07-06 14:59:40.511971+09
420,2,16,26,2026-07-06 14:59:40.511971+09
421,2,16,27,2026-07-06 14:59:40.511971+09
422,2,16,28,2026-07-06 14:59:40.511971+09
423,2,16,29,2026-07-06 14:59:40.511971+09
424,2,16,30,2026-07-06 14:59:40.511971+09
425,2,16,31,2026-07-06 14:59:40.511971+09
426,2,16,32,2026-07-06 14:59:40.511971+09
427,2,16,33,2026-07-06 14:59:40.511971+09
428,2,16,34,2026-07-06 14:59:40.511971+09
429,2,16,35,2026-07-06 14:59:40.511971+09
430,2,16,36,2026-07-06 14:59:40.511971+09
431,2,16,37,2026-07-06 14:59:40.511971+09
432,2,16,38,2026-07-06 14:59:40.511971+09
433,2,16,39,2026-07-06 14:59:40.511971+09
434,2,16,40,2026-07-06 14:59:40.511971+09
435,2,16,41,2026-07-06 14:59:40.511971+09
436,2,16,42,2026-07-06 14:59:40.511971+09
437,2,16,43,2026-07-06 14:59:40.511971+09
438,2,16,44,2026-07-06 14:59:40.511971+09
439,2,17,26,2026-07-06 14:59:40.511971+09
440,2,17,27,2026-07-06 14:59:40.511971+09
441,2,17,28,2026-07-06 14:59:40.511971+09
442,2,17,29,2026-07-06 14:59:40.511971+09
443,2,17,30,2026-07-06 14:59:40.511971+09
444,2,17,31,2026-07-06 14:59:40.511971+09
445,2,17,32,2026-07-06 14:59:40.511971+09
446,2,17,33,2026-07-06 14:59:40.511971+09
447,2,17,34,2026-07-06 14:59:40.511971+09
448,2,17,35,2026-07-06 14:59:40.511971+09
449,2,17,36,2026-07-06 14:59:40.511971+09
450,2,17,37,2026-07-06 14:59:40.511971+09
451,2,17,38,2026-07-06 14:59:40.511971+09
452,2,17,39,2026-07-06 14:59:40.511971+09
453,2,17,40,2026-07-06 14:59:40.511971+09
454,2,17,41,2026-07-06 14:59:40.511971+09
455,2,17,42,2026-07-06 14:59:40.511971+09
456,2,17,43,2026-07-06 14:59:40.511971+09
457,2,17,44,2026-07-06 14:59:40.511971+09
458,2,18,26,2026-07-06 14:59:40.511971+09
459,2,18,27,2026-07-06 14:59:40.511971+09
460,2,18,28,2026-07-06 14:59:40.511971+09
461,2,18,29,2026-07-06 14:59:40.511971+09
462,2,18,30,2026-07-06 14:59:40.511971+09
463,2,18,31,2026-07-06 14:59:40.511971+09
464,2,18,32,2026-07-06 14:59:40.511971+09
465,2,18,33,2026-07-06 14:59:40.511971+09
466,2,18,34,2026-07-06 14:59:40.511971+09
467,2,18,35,2026-07-06 14:59:40.511971+09
468,2,18,36,2026-07-06 14:59:40.511971+09
469,2,18,37,2026-07-06 14:59:40.511971+09
470,2,18,38,2026-07-06 14:59:40.511971+09
471,2,18,39,2026-07-06 14:59:40.511971+09
472,2,18,40,2026-07-06 14:59:40.511971+09
473,2,18,41,2026-07-06 14:59:40.511971+09
474,2,18,42,2026-07-06 14:59:40.511971+09
475,2,18,43,2026-07-06 14:59:40.511971+09
476,2,18,44,2026-07-06 14:59:40.511971+09
477,2,19,26,2026-07-06 14:59:40.511971+09
478,2,19,27,2026-07-06 14:59:40.511971+09
479,2,19,28,2026-07-06 14:59:40.511971+09
480,2,19,29,2026-07-06 14:59:40.511971+09
481,2,19,30,2026-07-06 14:59:40.511971+09
482,2,19,31,2026-07-06 14:59:40.511971+09
483,2,19,32,2026-07-06 14:59:40.511971+09
484,2,19,33,2026-07-06 14:59:40.511971+09
485,2,19,34,2026-07-06 14:59:40.511971+09
486,2,19,35,2026-07-06 14:59:40.511971+09
487,2,19,36,2026-07-06 14:59:40.511971+09
488,2,19,37,2026-07-06 14:59:40.511971+09
489,2,19,38,2026-07-06 14:59:40.511971+09
490,2,19,39,2026-07-06 14:59:40.511971+09
491,2,19,40,2026-07-06 14:59:40.511971+09
492,2,19,41,2026-07-06 14:59:40.511971+09
493,2,19,42,2026-07-06 14:59:40.511971+09
494,2,19,43,2026-07-06 14:59:40.511971+09
495,2,19,44,2026-07-06 14:59:40.511971+09
496,2,20,26,2026-07-06 14:59:40.511971+09
497,2,20,27,2026-07-06 14:59:40.511971+09
498,2,20,28,2026-07-06 14:59:40.511971+09
499,2,20,29,2026-07-06 14:59:40.511971+09
500,2,20,30,2026-07-06 14:59:40.511971+09
501,2,20,31,2026-07-06 14:59:40.511971+09
502,2,20,32,2026-07-06 14:59:40.511971+09
503,2,20,33,2026-07-06 14:59:40.511971+09
504,2,20,34,2026-07-06 14:59:40.511971+09
505,2,20,35,2026-07-06 14:59:40.511971+09
506,2,20,36,2026-07-06 14:59:40.511971+09
507,2,20,37,2026-07-06 14:59:40.511971+09
508,2,20,38,2026-07-06 14:59:40.511971+09
509,2,20,39,2026-07-06 14:59:40.511971+09
510,2,20,40,2026-07-06 14:59:40.511971+09
511,2,20,41,2026-07-06 14:59:40.511971+09
512,2,20,42,2026-07-06 14:59:40.511971+09
513,2,20,43,2026-07-06 14:59:40.511971+09
514,2,20,44,2026-07-06 14:59:40.511971+09
515,2,21,26,2026-07-06 14:59:40.511971+09
516,2,21,27,2026-07-06 14:59:40.511971+09
517,2,21,28,2026-07-06 14:59:40.511971+09
518,2,21,29,2026-07-06 14:59:40.511971+09
519,2,21,30,2026-07-06 14:59:40.511971+09
520,2,21,31,2026-07-06 14:59:40.511971+09
521,2,21,32,2026-07-06 14:59:40.511971+09
522,2,21,33,2026-07-06 14:59:40.511971+09
523,2,21,34,2026-07-06 14:59:40.511971+09
524,2,21,35,2026-07-06 14:59:40.511971+09
525,2,21,36,2026-07-06 14:59:40.511971+09
526,2,21,37,2026-07-06 14:59:40.511971+09
527,2,21,38,2026-07-06 14:59:40.511971+09
528,2,21,39,2026-07-06 14:59:40.511971+09
529,2,21,40,2026-07-06 14:59:40.511971+09
530,2,21,41,2026-07-06 14:59:40.511971+09
531,2,21,42,2026-07-06 14:59:40.511971+09
532,2,21,43,2026-07-06 14:59:40.511971+09
533,2,21,44,2026-07-06 14:59:40.511971+09
534,2,22,26,2026-07-06 14:59:40.511971+09
535,2,22,27,2026-07-06 14:59:40.511971+09
536,2,22,28,2026-07-06 14:59:40.511971+09
537,2,22,29,2026-07-06 14:59:40.511971+09
538,2,22,30,2026-07-06 14:59:40.511971+09
539,2,22,31,2026-07-06 14:59:40.511971+09
540,2,22,32,2026-07-06 14:59:40.511971+09
541,2,22,33,2026-07-06 14:59:40.511971+09
542,2,22,34,2026-07-06 14:59:40.511971+09
543,2,22,35,2026-07-06 14:59:40.511971+09
544,2,22,36,2026-07-06 14:59:40.511971+09
545,2,22,37,2026-07-06 14:59:40.511971+09
546,2,22,38,2026-07-06 14:59:40.511971+09
547,2,22,39,2026-07-06 14:59:40.511971+09
548,2,22,40,2026-07-06 14:59:40.511971+09
549,2,22,41,2026-07-06 14:59:40.511971+09
550,2,22,42,2026-07-06 14:59:40.511971+09
551,2,22,43,2026-07-06 14:59:40.511971+09
552,2,22,44,2026-07-06 14:59:40.511971+09
553,2,23,26,2026-07-06 14:59:40.511971+09
554,2,23,27,2026-07-06 14:59:40.511971+09
555,2,23,28,2026-07-06 14:59:40.511971+09
556,2,23,29,2026-07-06 14:59:40.511971+09
557,2,23,30,2026-07-06 14:59:40.511971+09
558,2,23,31,2026-07-06 14:59:40.511971+09
559,2,23,32,2026-07-06 14:59:40.511971+09
560,2,23,33,2026-07-06 14:59:40.511971+09
561,2,23,34,2026-07-06 14:59:40.511971+09
562,2,23,35,2026-07-06 14:59:40.511971+09
563,2,23,36,2026-07-06 14:59:40.511971+09
564,2,23,37,2026-07-06 14:59:40.511971+09
565,2,23,38,2026-07-06 14:59:40.511971+09
566,2,23,39,2026-07-06 14:59:40.511971+09
567,2,23,40,2026-07-06 14:59:40.511971+09
568,2,23,41,2026-07-06 14:59:40.511971+09
569,2,23,42,2026-07-06 14:59:40.511971+09
570,2,23,43,2026-07-06 14:59:40.511971+09
571,2,23,44,2026-07-06 14:59:40.511971+09
572,2,24,26,2026-07-06 14:59:40.511971+09
573,2,24,27,2026-07-06 14:59:40.511971+09
574,2,24,28,2026-07-06 14:59:40.511971+09
575,2,24,29,2026-07-06 14:59:40.511971+09
576,2,24,30,2026-07-06 14:59:40.511971+09
577,2,24,31,2026-07-06 14:59:40.511971+09
578,2,24,32,2026-07-06 14:59:40.511971+09
579,2,24,33,2026-07-06 14:59:40.511971+09
580,2,24,34,2026-07-06 14:59:40.511971+09
581,2,24,35,2026-07-06 14:59:40.511971+09
582,2,24,36,2026-07-06 14:59:40.511971+09
583,2,24,37,2026-07-06 14:59:40.511971+09
584,2,24,38,2026-07-06 14:59:40.511971+09
585,2,24,39,2026-07-06 14:59:40.511971+09
586,2,24,40,2026-07-06 14:59:40.511971+09
587,2,24,41,2026-07-06 14:59:40.511971+09
588,2,24,42,2026-07-06 14:59:40.511971+09
589,2,24,43,2026-07-06 14:59:40.511971+09
590,2,24,44,2026-07-06 14:59:40.511971+09
591,2,25,26,2026-07-06 14:59:40.511971+09
592,2,25,27,2026-07-06 14:59:40.511971+09
593,2,25,28,2026-07-06 14:59:40.511971+09
594,2,25,29,2026-07-06 14:59:40.511971+09
595,2,25,30,2026-07-06 14:59:40.511971+09
596,2,25,31,2026-07-06 14:59:40.511971+09
597,2,25,32,2026-07-06 14:59:40.511971+09
598,2,25,33,2026-07-06 14:59:40.511971+09
599,2,25,34,2026-07-06 14:59:40.511971+09
600,2,25,35,2026-07-06 14:59:40.511971+09
601,2,25,36,2026-07-06 14:59:40.511971+09
602,2,25,37,2026-07-06 14:59:40.511971+09
603,2,25,38,2026-07-06 14:59:40.511971+09
604,2,25,39,2026-07-06 14:59:40.511971+09
605,2,25,40,2026-07-06 14:59:40.511971+09
606,2,25,41,2026-07-06 14:59:40.511971+09
607,2,25,42,2026-07-06 14:59:40.511971+09
608,2,25,43,2026-07-06 14:59:40.511971+09
609,2,25,44,2026-07-06 14:59:40.511971+09
610,2,34,26,2026-07-06 14:59:40.511971+09
611,2,34,27,2026-07-06 14:59:40.511971+09
612,2,34,28,2026-07-06 14:59:40.511971+09
613,2,34,29,2026-07-06 14:59:40.511971+09
614,2,34,30,2026-07-06 14:59:40.511971+09
615,2,34,31,2026-07-06 14:59:40.511971+09
616,2,34,32,2026-07-06 14:59:40.511971+09
617,2,34,33,2026-07-06 14:59:40.511971+09
618,2,34,34,2026-07-06 14:59:40.511971+09
619,2,34,35,2026-07-06 14:59:40.511971+09
620,2,34,36,2026-07-06 14:59:40.511971+09
621,2,34,37,2026-07-06 14:59:40.511971+09
622,2,34,38,2026-07-06 14:59:40.511971+09
623,2,34,39,2026-07-06 14:59:40.511971+09
624,2,34,40,2026-07-06 14:59:40.511971+09
625,2,34,41,2026-07-06 14:59:40.511971+09
626,2,34,42,2026-07-06 14:59:40.511971+09
627,2,34,43,2026-07-06 14:59:40.511971+09
628,2,34,44,2026-07-06 14:59:40.511971+09
629,3,4,45,2026-07-06 14:59:40.511971+09
630,3,4,46,2026-07-06 14:59:40.511971+09
631,3,4,47,2026-07-06 14:59:40.511971+09
632,3,4,48,2026-07-06 14:59:40.511971+09
633,3,4,49,2026-07-06 14:59:40.511971+09
634,3,4,50,2026-07-06 14:59:40.511971+09
635,3,4,51,2026-07-06 14:59:40.511971+09
636,3,4,52,2026-07-06 14:59:40.511971+09
637,3,4,53,2026-07-06 14:59:40.511971+09
638,3,4,54,2026-07-06 14:59:40.511971+09
639,3,4,55,2026-07-06 14:59:40.511971+09
640,3,4,56,2026-07-06 14:59:40.511971+09
641,3,4,57,2026-07-06 14:59:40.511971+09
642,3,4,58,2026-07-06 14:59:40.511971+09
643,3,26,45,2026-07-06 14:59:40.511971+09
644,3,26,46,2026-07-06 14:59:40.511971+09
645,3,26,47,2026-07-06 14:59:40.511971+09
646,3,26,48,2026-07-06 14:59:40.511971+09
647,3,26,49,2026-07-06 14:59:40.511971+09
648,3,26,50,2026-07-06 14:59:40.511971+09
649,3,26,51,2026-07-06 14:59:40.511971+09
650,3,26,52,2026-07-06 14:59:40.511971+09
651,3,26,53,2026-07-06 14:59:40.511971+09
652,3,26,54,2026-07-06 14:59:40.511971+09
653,3,26,55,2026-07-06 14:59:40.511971+09
654,3,26,56,2026-07-06 14:59:40.511971+09
655,3,26,57,2026-07-06 14:59:40.511971+09
656,3,26,58,2026-07-06 14:59:40.511971+09
657,3,27,45,2026-07-06 14:59:40.511971+09
658,3,27,46,2026-07-06 14:59:40.511971+09
659,3,27,47,2026-07-06 14:59:40.511971+09
660,3,27,48,2026-07-06 14:59:40.511971+09
661,3,27,49,2026-07-06 14:59:40.511971+09
662,3,27,50,2026-07-06 14:59:40.511971+09
663,3,27,51,2026-07-06 14:59:40.511971+09
664,3,27,52,2026-07-06 14:59:40.511971+09
665,3,27,53,2026-07-06 14:59:40.511971+09
666,3,27,54,2026-07-06 14:59:40.511971+09
667,3,27,55,2026-07-06 14:59:40.511971+09
668,3,27,56,2026-07-06 14:59:40.511971+09
669,3,27,57,2026-07-06 14:59:40.511971+09
670,3,27,58,2026-07-06 14:59:40.511971+09
671,3,28,45,2026-07-06 14:59:40.511971+09
672,3,28,46,2026-07-06 14:59:40.511971+09
673,3,28,47,2026-07-06 14:59:40.511971+09
674,3,28,48,2026-07-06 14:59:40.511971+09
675,3,28,49,2026-07-06 14:59:40.511971+09
676,3,28,50,2026-07-06 14:59:40.511971+09
677,3,28,51,2026-07-06 14:59:40.511971+09
678,3,28,52,2026-07-06 14:59:40.511971+09
679,3,28,53,2026-07-06 14:59:40.511971+09
680,3,28,54,2026-07-06 14:59:40.511971+09
681,3,28,55,2026-07-06 14:59:40.511971+09
682,3,28,56,2026-07-06 14:59:40.511971+09
683,3,28,57,2026-07-06 14:59:40.511971+09
684,3,28,58,2026-07-06 14:59:40.511971+09
685,3,29,45,2026-07-06 14:59:40.511971+09
686,3,29,46,2026-07-06 14:59:40.511971+09
687,3,29,47,2026-07-06 14:59:40.511971+09
688,3,29,48,2026-07-06 14:59:40.511971+09
689,3,29,49,2026-07-06 14:59:40.511971+09
690,3,29,50,2026-07-06 14:59:40.511971+09
691,3,29,51,2026-07-06 14:59:40.511971+09
692,3,29,52,2026-07-06 14:59:40.511971+09
693,3,29,53,2026-07-06 14:59:40.511971+09
694,3,29,54,2026-07-06 14:59:40.511971+09
695,3,29,55,2026-07-06 14:59:40.511971+09
696,3,29,56,2026-07-06 14:59:40.511971+09
697,3,29,57,2026-07-06 14:59:40.511971+09
698,3,29,58,2026-07-06 14:59:40.511971+09
699,3,30,45,2026-07-06 14:59:40.511971+09
700,3,30,46,2026-07-06 14:59:40.511971+09
701,3,30,47,2026-07-06 14:59:40.511971+09
702,3,30,48,2026-07-06 14:59:40.511971+09
703,3,30,49,2026-07-06 14:59:40.511971+09
704,3,30,50,2026-07-06 14:59:40.511971+09
705,3,30,51,2026-07-06 14:59:40.511971+09
706,3,30,52,2026-07-06 14:59:40.511971+09
707,3,30,53,2026-07-06 14:59:40.511971+09
708,3,30,54,2026-07-06 14:59:40.511971+09
709,3,30,55,2026-07-06 14:59:40.511971+09
710,3,30,56,2026-07-06 14:59:40.511971+09
711,3,30,57,2026-07-06 14:59:40.511971+09
712,3,30,58,2026-07-06 14:59:40.511971+09
713,3,31,45,2026-07-06 14:59:40.511971+09
714,3,31,46,2026-07-06 14:59:40.511971+09
715,3,31,47,2026-07-06 14:59:40.511971+09
716,3,31,48,2026-07-06 14:59:40.511971+09
717,3,31,49,2026-07-06 14:59:40.511971+09
718,3,31,50,2026-07-06 14:59:40.511971+09
719,3,31,51,2026-07-06 14:59:40.511971+09
720,3,31,52,2026-07-06 14:59:40.511971+09
721,3,31,53,2026-07-06 14:59:40.511971+09
722,3,31,54,2026-07-06 14:59:40.511971+09
723,3,31,55,2026-07-06 14:59:40.511971+09
724,3,31,56,2026-07-06 14:59:40.511971+09
725,3,31,57,2026-07-06 14:59:40.511971+09
726,3,31,58,2026-07-06 14:59:40.511971+09
727,3,32,45,2026-07-06 14:59:40.511971+09
728,3,32,46,2026-07-06 14:59:40.511971+09
729,3,32,47,2026-07-06 14:59:40.511971+09
730,3,32,48,2026-07-06 14:59:40.511971+09
731,3,32,49,2026-07-06 14:59:40.511971+09
732,3,32,50,2026-07-06 14:59:40.511971+09
733,3,32,51,2026-07-06 14:59:40.511971+09
734,3,32,52,2026-07-06 14:59:40.511971+09
735,3,32,53,2026-07-06 14:59:40.511971+09
736,3,32,54,2026-07-06 14:59:40.511971+09
737,3,32,55,2026-07-06 14:59:40.511971+09
738,3,32,56,2026-07-06 14:59:40.511971+09
739,3,32,57,2026-07-06 14:59:40.511971+09
740,3,32,58,2026-07-06 14:59:40.511971+09
741,3,35,45,2026-07-06 14:59:40.511971+09
742,3,35,46,2026-07-06 14:59:40.511971+09
743,3,35,47,2026-07-06 14:59:40.511971+09
744,3,35,48,2026-07-06 14:59:40.511971+09
745,3,35,49,2026-07-06 14:59:40.511971+09
746,3,35,50,2026-07-06 14:59:40.511971+09
747,3,35,51,2026-07-06 14:59:40.511971+09
748,3,35,52,2026-07-06 14:59:40.511971+09
749,3,35,53,2026-07-06 14:59:40.511971+09
750,3,35,54,2026-07-06 14:59:40.511971+09
751,3,35,55,2026-07-06 14:59:40.511971+09
752,3,35,56,2026-07-06 14:59:40.511971+09
753,3,35,57,2026-07-06 14:59:40.511971+09
754,3,35,58,2026-07-06 14:59:40.511971+09
